"year","month","monthly_revenue"
"2018","1","5.858910311999969E7"
"2018","2","5.336728669000068E7"
"2018","3","5.861708068000019E7"
"2018","4","5.653712569999944E7"
"2018","5","5.743330360999951E7"
"2018","6","5.653616635000045E7"
"2018","7","5.891086960000032E7"
"2018","8","5.7908096730000645E7"
"2018","9","5.576538360000009E7"
"2018","10","5.8375513899999954E7"
"2018","11","5.659119024999955E7"
"2018","12","5.8881216450000465E7"
