"doctor_id","region","total_sales"
"DR0021","South","431344.74000000005"
"DR0028","South","423254.5299999999"
"DR0198","South","411904.20999999996"
"DR0273","East","430182.30000000005"
"DR0003","East","422426.7000000002"
"DR0022","East","420668.0599999997"
"DR0482","North","426583.37"
"DR0091","North","413269.94999999995"
"DR0369","North","408113.41000000015"
"DR0426","West","421288.6100000001"
"DR0383","West","418891.7200000002"
"DR0431","West","418111.10999999987"
